fit_rmse,fit_loss
0.14666278660297394,0.022056816145777702
