fit_rmse,fit_loss
0.14463569223880768,0.021509353071451187
